case_id,station,lead_h,hs_pred
C0001,S-ORS,3,1.1689478158950806
C0001,S-ORS,6,0.9475724697113037
C0001,S-ORS,9,0.9161100387573242
C0001,S-ORS,12,0.9615356922149658
C0001,S-ORS,18,0.6510818600654602
C0001,S-ORS,24,0.7000748515129089
C0002,I-ORS,3,1.461295247077942
C0002,I-ORS,6,1.4181416034698486
C0002,I-ORS,9,1.3076716661453247
C0002,I-ORS,12,1.2496051788330078
C0002,I-ORS,18,1.0813567638397217
C0002,I-ORS,24,1.1403228044509888
C0003,G-ORS,3,2.1168437004089355
C0003,G-ORS,6,2.0302865505218506
C0003,G-ORS,9,2.077671527862549
C0003,G-ORS,12,2.069688081741333
C0003,G-ORS,18,1.785917043685913
C0003,G-ORS,24,1.6747019290924072
C0004,I-ORS,3,2.575221061706543
C0004,I-ORS,6,2.5322675704956055
C0004,I-ORS,9,2.569581985473633
C0004,I-ORS,12,2.6099400520324707
C0004,I-ORS,18,2.3003275394439697
C0004,I-ORS,24,1.9919174909591675
C0005,G-ORS,3,0.6998574733734131
C0005,G-ORS,6,0.5625452995300293
C0005,G-ORS,9,0.6195477247238159
C0005,G-ORS,12,0.6685907244682312
C0005,G-ORS,18,0.7605545520782471
C0005,G-ORS,24,0.7881972789764404
C0006,G-ORS,3,1.2518863677978516
C0006,G-ORS,6,1.1042709350585938
C0006,G-ORS,9,1.165716528892517
C0006,G-ORS,12,1.189336895942688
C0006,G-ORS,18,1.069275140762329
C0006,G-ORS,24,1.1479253768920898
C0007,S-ORS,3,1.443616509437561
C0007,S-ORS,6,1.41044020652771
C0007,S-ORS,9,1.2666071653366089
C0007,S-ORS,12,1.2160921096801758
C0007,S-ORS,18,0.973462700843811
C0007,S-ORS,24,0.8814432621002197
C0008,S-ORS,3,2.000004291534424
C0008,S-ORS,6,2.020639657974243
C0008,S-ORS,9,2.1827802658081055
C0008,S-ORS,12,2.139732599258423
C0008,S-ORS,18,1.9250922203063965
C0008,S-ORS,24,1.7091697454452515
C0009,I-ORS,3,2.2781989574432373
C0009,I-ORS,6,2.266792058944702
C0009,I-ORS,9,2.3538899421691895
C0009,I-ORS,12,2.341083526611328
C0009,I-ORS,18,2.2057766914367676
C0009,I-ORS,24,1.9243202209472656
C0010,I-ORS,3,1.0640230178833008
C0010,I-ORS,6,0.9667930603027344
C0010,I-ORS,9,1.0530402660369873
C0010,I-ORS,12,1.0260010957717896
C0010,I-ORS,18,1.0388209819793701
C0010,I-ORS,24,1.0774824619293213
C0011,I-ORS,3,1.9989025592803955
C0011,I-ORS,6,1.9669749736785889
C0011,I-ORS,9,1.8986314535140991
C0011,I-ORS,12,1.73540461063385
C0011,I-ORS,18,1.8155107498168945
C0011,I-ORS,24,1.669618010520935
C0012,S-ORS,3,1.696297287940979
C0012,S-ORS,6,1.7125394344329834
C0012,S-ORS,9,1.8427696228027344
C0012,S-ORS,12,1.8873143196105957
C0012,S-ORS,18,2.0786361694335938
C0012,S-ORS,24,2.0410869121551514
C0013,I-ORS,3,2.1185812950134277
C0013,I-ORS,6,2.2099227905273438
C0013,I-ORS,9,2.3142218589782715
C0013,I-ORS,12,2.172881841659546
C0013,I-ORS,18,2.0538856983184814
C0013,I-ORS,24,1.9092155694961548
C0014,G-ORS,3,1.3790208101272583
C0014,G-ORS,6,1.2882081270217896
C0014,G-ORS,9,1.1871389150619507
C0014,G-ORS,12,1.1957290172576904
C0014,G-ORS,18,0.960121750831604
C0014,G-ORS,24,0.8878215551376343
C0015,S-ORS,3,2.2999086380004883
C0015,S-ORS,6,2.117295742034912
C0015,S-ORS,9,2.0170183181762695
C0015,S-ORS,12,1.9856936931610107
C0015,S-ORS,18,1.6441097259521484
C0015,S-ORS,24,1.5551928281784058
C0016,I-ORS,3,1.0603083372116089
C0016,I-ORS,6,0.977114200592041
C0016,I-ORS,9,0.9304442405700684
C0016,I-ORS,12,0.9400678277015686
C0016,I-ORS,18,0.7739620208740234
C0016,I-ORS,24,0.8216006755828857
C0017,G-ORS,3,0.8401328325271606
C0017,G-ORS,6,0.7274960279464722
C0017,G-ORS,9,0.7260850667953491
C0017,G-ORS,12,0.7281730771064758
C0017,G-ORS,18,0.6086468696594238
C0017,G-ORS,24,0.642264723777771
C0018,S-ORS,3,1.4805940389633179
C0018,S-ORS,6,1.3335036039352417
C0018,S-ORS,9,1.3570809364318848
C0018,S-ORS,12,1.3570942878723145
C0018,S-ORS,18,1.2193955183029175
C0018,S-ORS,24,1.1755839586257935
C0019,G-ORS,3,1.2085033655166626
C0019,G-ORS,6,1.0418634414672852
C0019,G-ORS,9,0.9834079146385193
C0019,G-ORS,12,0.8680607676506042
C0019,G-ORS,18,0.771215558052063
C0019,G-ORS,24,0.7581785321235657
C0020,G-ORS,3,2.0357017517089844
C0020,G-ORS,6,1.973097562789917
C0020,G-ORS,9,1.8886134624481201
C0020,G-ORS,12,1.9684568643569946
C0020,G-ORS,18,1.7394906282424927
C0020,G-ORS,24,1.6704574823379517
C0021,I-ORS,3,2.5495619773864746
C0021,I-ORS,6,2.495500326156616
C0021,I-ORS,9,2.6263368129730225
C0021,I-ORS,12,2.4484059810638428
C0021,I-ORS,18,2.354506254196167
C0021,I-ORS,24,2.247694492340088
C0022,I-ORS,3,1.5964734554290771
C0022,I-ORS,6,1.5610880851745605
C0022,I-ORS,9,1.5693219900131226
C0022,I-ORS,12,1.344820499420166
C0022,I-ORS,18,1.2618837356567383
C0022,I-ORS,24,1.162532925605774
C0023,I-ORS,3,1.5516726970672607
C0023,I-ORS,6,1.5175304412841797
C0023,I-ORS,9,1.4806474447250366
C0023,I-ORS,12,1.410094976425171
C0023,I-ORS,18,1.3598346710205078
C0023,I-ORS,24,1.258928656578064
C0024,S-ORS,3,0.5317977070808411
C0024,S-ORS,6,0.4980980157852173
C0024,S-ORS,9,0.5168197154998779
C0024,S-ORS,12,0.49398094415664673
C0024,S-ORS,18,0.558296799659729
C0024,S-ORS,24,0.5808714628219604
C0025,I-ORS,3,1.4105945825576782
C0025,I-ORS,6,1.360187292098999
C0025,I-ORS,9,1.3723548650741577
C0025,I-ORS,12,1.5363776683807373
C0025,I-ORS,18,1.3759249448776245
C0025,I-ORS,24,1.4391037225723267
C0026,I-ORS,3,1.5704845190048218
C0026,I-ORS,6,1.5449801683425903
C0026,I-ORS,9,1.420939326286316
C0026,I-ORS,12,1.3632714748382568
C0026,I-ORS,18,1.378079891204834
C0026,I-ORS,24,1.2751728296279907
C0027,G-ORS,3,1.870413899421692
C0027,G-ORS,6,1.8223745822906494
C0027,G-ORS,9,1.8095065355300903
C0027,G-ORS,12,1.795701503753662
C0027,G-ORS,18,1.632912278175354
C0027,G-ORS,24,1.4507633447647095
C0028,G-ORS,3,2.022803544998169
C0028,G-ORS,6,1.98744797706604
C0028,G-ORS,9,1.9360160827636719
C0028,G-ORS,12,1.7668070793151855
C0028,G-ORS,18,1.57261323928833
C0028,G-ORS,24,1.3450795412063599
C0029,G-ORS,3,1.929349660873413
C0029,G-ORS,6,1.801077961921692
C0029,G-ORS,9,1.775970697402954
C0029,G-ORS,12,1.7266623973846436
C0029,G-ORS,18,1.5920804738998413
C0029,G-ORS,24,1.5213502645492554
C0030,I-ORS,3,1.8431566953659058
C0030,I-ORS,6,2.092000961303711
C0030,I-ORS,9,2.1110098361968994
C0030,I-ORS,12,1.9920320510864258
C0030,I-ORS,18,2.202883005142212
C0030,I-ORS,24,2.0001108646392822
C0031,S-ORS,3,1.729156494140625
C0031,S-ORS,6,1.5383481979370117
C0031,S-ORS,9,1.6692949533462524
C0031,S-ORS,12,1.8354530334472656
C0031,S-ORS,18,1.7234679460525513
C0031,S-ORS,24,1.6621886491775513
C0032,I-ORS,3,1.8652472496032715
C0032,I-ORS,6,1.785813570022583
C0032,I-ORS,9,1.7575820684432983
C0032,I-ORS,12,1.7096929550170898
C0032,I-ORS,18,1.4976685047149658
C0032,I-ORS,24,1.3367327451705933
C0033,S-ORS,3,1.8714321851730347
C0033,S-ORS,6,1.9319789409637451
C0033,S-ORS,9,1.9530388116836548
C0033,S-ORS,12,1.9702253341674805
C0033,S-ORS,18,1.9385433197021484
C0033,S-ORS,24,1.9700921773910522
C0034,G-ORS,3,1.4893876314163208
C0034,G-ORS,6,1.5288193225860596
C0034,G-ORS,9,1.7344224452972412
C0034,G-ORS,12,1.6980701684951782
C0034,G-ORS,18,1.8082354068756104
C0034,G-ORS,24,1.7113361358642578
C0035,S-ORS,3,2.305818557739258
C0035,S-ORS,6,2.2855217456817627
C0035,S-ORS,9,2.2584469318389893
C0035,S-ORS,12,2.134218454360962
C0035,S-ORS,18,1.9222321510314941
C0035,S-ORS,24,1.5241237878799438
C0036,G-ORS,3,1.5738909244537354
C0036,G-ORS,6,1.4793214797973633
C0036,G-ORS,9,1.4643336534500122
C0036,G-ORS,12,1.4704352617263794
C0036,G-ORS,18,1.3988953828811646
C0036,G-ORS,24,1.3383876085281372
C0037,S-ORS,3,2.3013052940368652
C0037,S-ORS,6,2.268177032470703
C0037,S-ORS,9,2.258759021759033
C0037,S-ORS,12,2.3987271785736084
C0037,S-ORS,18,1.9957067966461182
C0037,S-ORS,24,1.7684457302093506
C0038,I-ORS,3,0.9996941089630127
C0038,I-ORS,6,0.8717684745788574
C0038,I-ORS,9,0.8745636940002441
C0038,I-ORS,12,0.9280421137809753
C0038,I-ORS,18,0.8333806991577148
C0038,I-ORS,24,0.8373092412948608
C0039,I-ORS,3,1.4378427267074585
C0039,I-ORS,6,1.427790880203247
C0039,I-ORS,9,1.3820213079452515
C0039,I-ORS,12,1.2960724830627441
C0039,I-ORS,18,1.0908689498901367
C0039,I-ORS,24,0.9589409828186035
C0040,I-ORS,3,1.8416330814361572
C0040,I-ORS,6,1.8552420139312744
C0040,I-ORS,9,1.8563872575759888
C0040,I-ORS,12,1.8486864566802979
C0040,I-ORS,18,1.8468379974365234
C0040,I-ORS,24,1.8127541542053223
C0041,I-ORS,3,1.066620111465454
C0041,I-ORS,6,0.9528099298477173
C0041,I-ORS,9,1.0311987400054932
C0041,I-ORS,12,1.0044597387313843
C0041,I-ORS,18,1.0841517448425293
C0041,I-ORS,24,1.1758272647857666
C0042,G-ORS,3,2.188577651977539
C0042,G-ORS,6,2.163466691970825
C0042,G-ORS,9,2.1803770065307617
C0042,G-ORS,12,2.166349172592163
C0042,G-ORS,18,2.10844349861145
C0042,G-ORS,24,1.8539520502090454
C0043,G-ORS,3,0.8314186334609985
C0043,G-ORS,6,0.764546275138855
C0043,G-ORS,9,0.7605286836624146
C0043,G-ORS,12,0.7941591143608093
C0043,G-ORS,18,0.7869827747344971
C0043,G-ORS,24,0.9138286113739014
C0044,S-ORS,3,1.7928922176361084
C0044,S-ORS,6,1.9019557237625122
C0044,S-ORS,9,1.8618005514144897
C0044,S-ORS,12,1.743361234664917
C0044,S-ORS,18,1.7036175727844238
C0044,S-ORS,24,1.7202630043029785
C0045,G-ORS,3,1.329910159111023
C0045,G-ORS,6,1.2045722007751465
C0045,G-ORS,9,1.1807491779327393
C0045,G-ORS,12,1.1013580560684204
C0045,G-ORS,18,0.9724287986755371
C0045,G-ORS,24,0.9478177428245544
C0046,G-ORS,3,1.3597007989883423
C0046,G-ORS,6,1.325825572013855
C0046,G-ORS,9,1.4472121000289917
C0046,G-ORS,12,1.4932146072387695
C0046,G-ORS,18,1.4548447132110596
C0046,G-ORS,24,1.4566243886947632
C0047,I-ORS,3,1.0413326025009155
C0047,I-ORS,6,0.923280656337738
C0047,I-ORS,9,0.8582508563995361
C0047,I-ORS,12,0.791033923625946
C0047,I-ORS,18,0.6420822143554688
C0047,I-ORS,24,0.5261131525039673
C0048,S-ORS,3,4.321314334869385
C0048,S-ORS,6,4.063183307647705
C0048,S-ORS,9,3.967099666595459
C0048,S-ORS,12,3.6388204097747803
C0048,S-ORS,18,3.0445168018341064
C0048,S-ORS,24,2.7047932147979736
C0049,I-ORS,3,1.9818501472473145
C0049,I-ORS,6,1.8447825908660889
C0049,I-ORS,9,1.7797861099243164
C0049,I-ORS,12,1.7373712062835693
C0049,I-ORS,18,1.5752712488174438
C0049,I-ORS,24,1.3231340646743774
C0050,S-ORS,3,0.6495357751846313
C0050,S-ORS,6,0.47153419256210327
C0050,S-ORS,9,0.4407578408718109
C0050,S-ORS,12,0.3692730665206909
C0050,S-ORS,18,0.25678446888923645
C0050,S-ORS,24,0.3782537877559662
C0051,G-ORS,3,1.3735395669937134
C0051,G-ORS,6,1.536625623703003
C0051,G-ORS,9,1.5903400182724
C0051,G-ORS,12,1.4885506629943848
C0051,G-ORS,18,1.6024363040924072
C0051,G-ORS,24,1.5887049436569214
C0052,G-ORS,3,0.8732056617736816
C0052,G-ORS,6,0.870704174041748
C0052,G-ORS,9,0.9009828567504883
C0052,G-ORS,12,0.8941145539283752
C0052,G-ORS,18,0.8868390321731567
C0052,G-ORS,24,0.892723560333252
C0053,I-ORS,3,0.9731420278549194
C0053,I-ORS,6,1.090165138244629
C0053,I-ORS,9,1.1664152145385742
C0053,I-ORS,12,1.2356773614883423
C0053,I-ORS,18,1.314623236656189
C0053,I-ORS,24,1.3022273778915405
C0054,I-ORS,3,1.298120141029358
C0054,I-ORS,6,1.2269766330718994
C0054,I-ORS,9,1.2369107007980347
C0054,I-ORS,12,1.2926050424575806
C0054,I-ORS,18,1.2170791625976562
C0054,I-ORS,24,1.1860674619674683
C0055,G-ORS,3,1.6021958589553833
C0055,G-ORS,6,1.4652400016784668
C0055,G-ORS,9,1.4386502504348755
C0055,G-ORS,12,1.3141840696334839
C0055,G-ORS,18,1.1689331531524658
C0055,G-ORS,24,1.0261529684066772
C0056,I-ORS,3,3.7270708084106445
C0056,I-ORS,6,3.50482439994812
C0056,I-ORS,9,3.4291772842407227
C0056,I-ORS,12,3.3720505237579346
C0056,I-ORS,18,2.77439284324646
C0056,I-ORS,24,2.5798962116241455
C0057,G-ORS,3,1.5968023538589478
C0057,G-ORS,6,1.5044969320297241
C0057,G-ORS,9,1.6202250719070435
C0057,G-ORS,12,1.5507397651672363
C0057,G-ORS,18,1.3953335285186768
C0057,G-ORS,24,1.2978755235671997
C0058,G-ORS,3,1.8223289251327515
C0058,G-ORS,6,1.9071145057678223
C0058,G-ORS,9,1.9510349035263062
C0058,G-ORS,12,1.9076921939849854
C0058,G-ORS,18,1.8437087535858154
C0058,G-ORS,24,1.643135905265808
C0059,I-ORS,3,0.9679741859436035
C0059,I-ORS,6,0.9063738584518433
C0059,I-ORS,9,0.8890678882598877
C0059,I-ORS,12,0.8949061036109924
C0059,I-ORS,18,0.7955330610275269
C0059,I-ORS,24,0.7629233002662659
C0060,I-ORS,3,3.4350404739379883
C0060,I-ORS,6,3.4832046031951904
C0060,I-ORS,9,3.468003511428833
C0060,I-ORS,12,3.27068829536438
C0060,I-ORS,18,3.155670404434204
C0060,I-ORS,24,2.8042502403259277
C0061,G-ORS,3,0.7041771411895752
C0061,G-ORS,6,0.5972461104393005
C0061,G-ORS,9,0.733178436756134
C0061,G-ORS,12,0.7666511535644531
C0061,G-ORS,18,0.6706825494766235
C0061,G-ORS,24,0.7031809091567993
C0062,S-ORS,3,1.9203717708587646
C0062,S-ORS,6,2.033724546432495
C0062,S-ORS,9,2.031898260116577
C0062,S-ORS,12,2.0516068935394287
C0062,S-ORS,18,1.8740007877349854
C0062,S-ORS,24,1.8717949390411377
C0063,S-ORS,3,1.1341582536697388
C0063,S-ORS,6,0.9735140800476074
C0063,S-ORS,9,0.972013533115387
C0063,S-ORS,12,1.056042194366455
C0063,S-ORS,18,1.0211246013641357
C0063,S-ORS,24,1.0586994886398315
C0064,S-ORS,3,0.7490147352218628
C0064,S-ORS,6,0.648160457611084
C0064,S-ORS,9,0.6166560649871826
C0064,S-ORS,12,0.6957974433898926
C0064,S-ORS,18,0.5638383626937866
C0064,S-ORS,24,0.644152045249939
C0065,G-ORS,3,1.3713141679763794
C0065,G-ORS,6,1.4704411029815674
C0065,G-ORS,9,1.4080713987350464
C0065,G-ORS,12,1.3982174396514893
C0065,G-ORS,18,1.3570060729980469
C0065,G-ORS,24,1.217725396156311
C0066,I-ORS,3,1.1979705095291138
C0066,I-ORS,6,1.1326731443405151
C0066,I-ORS,9,1.0908340215682983
C0066,I-ORS,12,0.9796704649925232
C0066,I-ORS,18,0.9945545196533203
C0066,I-ORS,24,1.0296106338500977
C0067,I-ORS,3,2.0939548015594482
C0067,I-ORS,6,2.0771591663360596
C0067,I-ORS,9,2.108934164047241
C0067,I-ORS,12,2.107908010482788
C0067,I-ORS,18,1.8853189945220947
C0067,I-ORS,24,1.5336964130401611
C0068,I-ORS,3,1.9946366548538208
C0068,I-ORS,6,1.809727668762207
C0068,I-ORS,9,1.867864966392517
C0068,I-ORS,12,1.9295916557312012
C0068,I-ORS,18,1.7127645015716553
C0068,I-ORS,24,1.8256871700286865
C0069,S-ORS,3,1.755413293838501
C0069,S-ORS,6,1.883998155593872
C0069,S-ORS,9,1.8748060464859009
C0069,S-ORS,12,1.7546372413635254
C0069,S-ORS,18,1.704880714416504
C0069,S-ORS,24,1.7947252988815308
C0070,I-ORS,3,2.1549572944641113
C0070,I-ORS,6,2.1420905590057373
C0070,I-ORS,9,2.2089710235595703
C0070,I-ORS,12,2.2610809803009033
C0070,I-ORS,18,2.049506425857544
C0070,I-ORS,24,1.8703951835632324
C0071,I-ORS,3,1.6029051542282104
C0071,I-ORS,6,1.5165514945983887
C0071,I-ORS,9,1.5400713682174683
C0071,I-ORS,12,1.5310583114624023
C0071,I-ORS,18,1.3857154846191406
C0071,I-ORS,24,1.2949451208114624
C0072,I-ORS,3,1.7159632444381714
C0072,I-ORS,6,1.6354824304580688
C0072,I-ORS,9,1.805050253868103
C0072,I-ORS,12,1.8934261798858643
C0072,I-ORS,18,1.8719658851623535
C0072,I-ORS,24,1.8737858533859253
C0073,I-ORS,3,1.7432199716567993
C0073,I-ORS,6,1.7722487449645996
C0073,I-ORS,9,1.7790225744247437
C0073,I-ORS,12,1.7742780447006226
C0073,I-ORS,18,1.6689902544021606
C0073,I-ORS,24,1.492499828338623
C0074,I-ORS,3,1.71412193775177
C0074,I-ORS,6,1.6505590677261353
C0074,I-ORS,9,1.6771693229675293
C0074,I-ORS,12,1.6481609344482422
C0074,I-ORS,18,1.4382838010787964
C0074,I-ORS,24,1.1931501626968384
C0075,S-ORS,3,1.2665314674377441
C0075,S-ORS,6,1.273298740386963
C0075,S-ORS,9,1.350756049156189
C0075,S-ORS,12,1.503504991531372
C0075,S-ORS,18,1.394216537475586
C0075,S-ORS,24,1.5030924081802368
C0076,I-ORS,3,2.9900450706481934
C0076,I-ORS,6,2.8838040828704834
C0076,I-ORS,9,2.7733354568481445
C0076,I-ORS,12,2.6748526096343994
C0076,I-ORS,18,2.46466326713562
C0076,I-ORS,24,2.379805564880371
C0077,S-ORS,3,1.351098895072937
C0077,S-ORS,6,1.395586609840393
C0077,S-ORS,9,1.3916314840316772
C0077,S-ORS,12,1.3210906982421875
C0077,S-ORS,18,1.1370246410369873
C0077,S-ORS,24,1.1342560052871704
C0078,G-ORS,3,1.9002779722213745
C0078,G-ORS,6,2.0068085193634033
C0078,G-ORS,9,1.986421823501587
C0078,G-ORS,12,1.878519058227539
C0078,G-ORS,18,1.8253602981567383
C0078,G-ORS,24,1.7049472332000732
C0079,I-ORS,3,1.8399970531463623
C0079,I-ORS,6,1.7465507984161377
C0079,I-ORS,9,1.8111628293991089
C0079,I-ORS,12,1.8083000183105469
C0079,I-ORS,18,1.7816288471221924
C0079,I-ORS,24,1.7394055128097534
C0080,S-ORS,3,2.193972110748291
C0080,S-ORS,6,2.225202798843384
C0080,S-ORS,9,2.369443416595459
C0080,S-ORS,12,2.439577341079712
C0080,S-ORS,18,2.2272284030914307
C0080,S-ORS,24,2.0895187854766846
C0081,G-ORS,3,1.678297758102417
C0081,G-ORS,6,1.5972588062286377
C0081,G-ORS,9,1.6072485446929932
C0081,G-ORS,12,1.5958036184310913
C0081,G-ORS,18,1.4807589054107666
C0081,G-ORS,24,1.508689045906067
C0082,G-ORS,3,1.6217833757400513
C0082,G-ORS,6,1.5539216995239258
C0082,G-ORS,9,1.6089106798171997
C0082,G-ORS,12,1.5132393836975098
C0082,G-ORS,18,1.3018553256988525
C0082,G-ORS,24,1.0969029664993286
C0083,I-ORS,3,1.3184860944747925
C0083,I-ORS,6,1.2020562887191772
C0083,I-ORS,9,1.200680136680603
C0083,I-ORS,12,1.2058484554290771
C0083,I-ORS,18,1.1785515546798706
C0083,I-ORS,24,1.1903387308120728
C0084,G-ORS,3,1.4818153381347656
C0084,G-ORS,6,1.4340710639953613
C0084,G-ORS,9,1.3743141889572144
C0084,G-ORS,12,1.256885290145874
C0084,G-ORS,18,1.0842177867889404
C0084,G-ORS,24,0.9936763048171997
C0085,G-ORS,3,1.626973032951355
C0085,G-ORS,6,1.5030789375305176
C0085,G-ORS,9,1.6511896848678589
C0085,G-ORS,12,1.5814255475997925
C0085,G-ORS,18,1.4925193786621094
C0085,G-ORS,24,1.4345076084136963
C0086,I-ORS,3,1.7756630182266235
C0086,I-ORS,6,1.7466588020324707
C0086,I-ORS,9,1.7556565999984741
C0086,I-ORS,12,1.6753337383270264
C0086,I-ORS,18,1.4313063621520996
C0086,I-ORS,24,1.2330189943313599
C0087,I-ORS,3,1.206290602684021
C0087,I-ORS,6,1.1088488101959229
C0087,I-ORS,9,1.1674286127090454
C0087,I-ORS,12,1.085702896118164
C0087,I-ORS,18,0.974642813205719
C0087,I-ORS,24,0.9561038017272949
C0088,I-ORS,3,1.7555445432662964
C0088,I-ORS,6,1.6518726348876953
C0088,I-ORS,9,1.7602018117904663
C0088,I-ORS,12,1.6396420001983643
C0088,I-ORS,18,1.5995234251022339
C0088,I-ORS,24,1.535993218421936
C0089,S-ORS,3,2.0411815643310547
C0089,S-ORS,6,2.1055479049682617
C0089,S-ORS,9,2.104389190673828
C0089,S-ORS,12,2.2217092514038086
C0089,S-ORS,18,2.0450971126556396
C0089,S-ORS,24,1.9673289060592651
C0090,I-ORS,3,2.2775120735168457
C0090,I-ORS,6,2.107069730758667
C0090,I-ORS,9,2.055593967437744
C0090,I-ORS,12,2.0636987686157227
C0090,I-ORS,18,1.7742586135864258
C0090,I-ORS,24,1.5726813077926636
C0091,G-ORS,3,1.9900808334350586
C0091,G-ORS,6,2.043569564819336
C0091,G-ORS,9,2.0362894535064697
C0091,G-ORS,12,2.0144143104553223
C0091,G-ORS,18,1.8365020751953125
C0091,G-ORS,24,1.6097608804702759
C0092,S-ORS,3,1.9401681423187256
C0092,S-ORS,6,1.9069689512252808
C0092,S-ORS,9,1.8078755140304565
C0092,S-ORS,12,1.6705787181854248
C0092,S-ORS,18,1.6047723293304443
C0092,S-ORS,24,1.365658164024353
C0093,S-ORS,3,0.626282811164856
C0093,S-ORS,6,0.5327802896499634
C0093,S-ORS,9,0.6242188811302185
C0093,S-ORS,12,0.6295537352561951
C0093,S-ORS,18,0.8025043606758118
C0093,S-ORS,24,0.885474681854248
C0094,S-ORS,3,2.304842472076416
C0094,S-ORS,6,2.3146488666534424
C0094,S-ORS,9,2.3012659549713135
C0094,S-ORS,12,2.19586443901062
C0094,S-ORS,18,2.0144996643066406
C0094,S-ORS,24,1.701975703239441
C0095,I-ORS,3,2.597153425216675
C0095,I-ORS,6,2.5555641651153564
C0095,I-ORS,9,2.492868423461914
C0095,I-ORS,12,2.358567237854004
C0095,I-ORS,18,2.00810170173645
C0095,I-ORS,24,1.6995106935501099
C0096,G-ORS,3,0.867064356803894
C0096,G-ORS,6,0.7517489194869995
C0096,G-ORS,9,0.9456803798675537
C0096,G-ORS,12,1.1100330352783203
C0096,G-ORS,18,1.1074784994125366
C0096,G-ORS,24,1.3936265707015991
C0097,G-ORS,3,2.0672225952148438
C0097,G-ORS,6,2.1216533184051514
C0097,G-ORS,9,2.2779979705810547
C0097,G-ORS,12,2.2360799312591553
C0097,G-ORS,18,2.1861634254455566
C0097,G-ORS,24,1.9461722373962402
C0098,G-ORS,3,1.26064932346344
C0098,G-ORS,6,1.1977267265319824
C0098,G-ORS,9,1.2613474130630493
C0098,G-ORS,12,1.37759530544281
C0098,G-ORS,18,1.471198320388794
C0098,G-ORS,24,1.5054832696914673
C0099,S-ORS,3,1.38931405544281
C0099,S-ORS,6,1.4039878845214844
C0099,S-ORS,9,1.430083155632019
C0099,S-ORS,12,1.3378307819366455
C0099,S-ORS,18,1.2499881982803345
C0099,S-ORS,24,1.2412047386169434
C0100,I-ORS,3,1.031146764755249
C0100,I-ORS,6,1.0305421352386475
C0100,I-ORS,9,1.0871360301971436
C0100,I-ORS,12,1.0399643182754517
C0100,I-ORS,18,1.063353180885315
C0100,I-ORS,24,1.0535036325454712
C0101,I-ORS,3,1.9941588640213013
C0101,I-ORS,6,2.095907211303711
C0101,I-ORS,9,2.1652004718780518
C0101,I-ORS,12,2.0999584197998047
C0101,I-ORS,18,2.1133227348327637
C0101,I-ORS,24,2.0399179458618164
C0102,I-ORS,3,1.9498286247253418
C0102,I-ORS,6,2.054520606994629
C0102,I-ORS,9,2.0858898162841797
C0102,I-ORS,12,2.0768258571624756
C0102,I-ORS,18,1.998435616493225
C0102,I-ORS,24,1.8296453952789307
C0103,I-ORS,3,1.8130563497543335
C0103,I-ORS,6,1.7747098207473755
C0103,I-ORS,9,1.713590145111084
C0103,I-ORS,12,1.7112236022949219
C0103,I-ORS,18,1.488767385482788
C0103,I-ORS,24,1.3396409749984741
C0104,S-ORS,3,1.1203508377075195
C0104,S-ORS,6,1.1195719242095947
C0104,S-ORS,9,1.0785316228866577
C0104,S-ORS,12,1.0312647819519043
C0104,S-ORS,18,0.9017577171325684
C0104,S-ORS,24,0.9921879768371582
C0105,G-ORS,3,1.6927284002304077
C0105,G-ORS,6,1.66560959815979
C0105,G-ORS,9,1.6439670324325562
C0105,G-ORS,12,1.630784511566162
C0105,G-ORS,18,1.4616279602050781
C0105,G-ORS,24,1.2541788816452026
C0106,S-ORS,3,1.964044451713562
C0106,S-ORS,6,2.036052703857422
C0106,S-ORS,9,1.9859509468078613
C0106,S-ORS,12,1.8551695346832275
C0106,S-ORS,18,1.6548705101013184
C0106,S-ORS,24,1.336991786956787
C0107,G-ORS,3,3.2466650009155273
C0107,G-ORS,6,2.96712327003479
C0107,G-ORS,9,2.8579776287078857
C0107,G-ORS,12,2.878213882446289
C0107,G-ORS,18,2.4878716468811035
C0107,G-ORS,24,2.180368423461914
C0108,G-ORS,3,1.1307262182235718
C0108,G-ORS,6,1.1789575815200806
C0108,G-ORS,9,1.2574318647384644
C0108,G-ORS,12,1.1607409715652466
C0108,G-ORS,18,1.2876447439193726
C0108,G-ORS,24,1.2601531744003296
C0109,G-ORS,3,1.9976080656051636
C0109,G-ORS,6,2.008805990219116
C0109,G-ORS,9,1.9661264419555664
C0109,G-ORS,12,1.8812605142593384
C0109,G-ORS,18,1.912385106086731
C0109,G-ORS,24,1.8170156478881836
C0110,S-ORS,3,2.515206813812256
C0110,S-ORS,6,2.742297410964966
C0110,S-ORS,9,2.8620331287384033
C0110,S-ORS,12,2.9258954524993896
C0110,S-ORS,18,2.910964250564575
C0110,S-ORS,24,2.6851253509521484
C0111,S-ORS,3,1.7507127523422241
C0111,S-ORS,6,1.7734477519989014
C0111,S-ORS,9,1.8056862354278564
C0111,S-ORS,12,1.7176066637039185
C0111,S-ORS,18,1.567894697189331
C0111,S-ORS,24,1.4019454717636108
C0112,I-ORS,3,1.6887983083724976
C0112,I-ORS,6,1.7226650714874268
C0112,I-ORS,9,1.690700650215149
C0112,I-ORS,12,1.7108240127563477
C0112,I-ORS,18,1.4409968852996826
C0112,I-ORS,24,1.2831188440322876
C0113,G-ORS,3,1.3482670783996582
C0113,G-ORS,6,1.3840727806091309
C0113,G-ORS,9,1.6126757860183716
C0113,G-ORS,12,1.6393892765045166
C0113,G-ORS,18,1.776129961013794
C0113,G-ORS,24,1.746894121170044
C0114,G-ORS,3,2.300438404083252
C0114,G-ORS,6,2.2202274799346924
C0114,G-ORS,9,2.094085454940796
C0114,G-ORS,12,1.9724938869476318
C0114,G-ORS,18,1.7202339172363281
C0114,G-ORS,24,1.4808083772659302
C0115,S-ORS,3,1.2758809328079224
C0115,S-ORS,6,1.1568313837051392
C0115,S-ORS,9,1.18179452419281
C0115,S-ORS,12,1.1572182178497314
C0115,S-ORS,18,1.048655390739441
C0115,S-ORS,24,1.0995044708251953
C0116,I-ORS,3,3.3825790882110596
C0116,I-ORS,6,3.0575859546661377
C0116,I-ORS,9,2.9954943656921387
C0116,I-ORS,12,2.8507797718048096
C0116,I-ORS,18,2.4198811054229736
C0116,I-ORS,24,2.1005642414093018
C0117,G-ORS,3,1.072823166847229
C0117,G-ORS,6,1.0183289051055908
C0117,G-ORS,9,1.0093004703521729
C0117,G-ORS,12,1.0106375217437744
C0117,G-ORS,18,1.02299165725708
C0117,G-ORS,24,1.098101019859314
C0118,I-ORS,3,1.3080683946609497
C0118,I-ORS,6,1.4112293720245361
C0118,I-ORS,9,1.5575717687606812
C0118,I-ORS,12,1.4717228412628174
C0118,I-ORS,18,1.4702982902526855
C0118,I-ORS,24,1.483496904373169
C0119,G-ORS,3,1.2518759965896606
C0119,G-ORS,6,1.1695442199707031
C0119,G-ORS,9,1.2028007507324219
C0119,G-ORS,12,1.1578713655471802
C0119,G-ORS,18,1.0730197429656982
C0119,G-ORS,24,1.0395466089248657
C0120,S-ORS,3,1.073663353919983
C0120,S-ORS,6,1.0235568284988403
C0120,S-ORS,9,0.9918665289878845
C0120,S-ORS,12,1.0278069972991943
C0120,S-ORS,18,0.9035781621932983
C0120,S-ORS,24,0.9006201028823853
C0121,G-ORS,3,1.5564707517623901
C0121,G-ORS,6,1.4915478229522705
C0121,G-ORS,9,1.5694315433502197
C0121,G-ORS,12,1.6276495456695557
C0121,G-ORS,18,1.4172801971435547
C0121,G-ORS,24,1.3991883993148804
C0122,G-ORS,3,1.3615070581436157
C0122,G-ORS,6,1.3125314712524414
C0122,G-ORS,9,1.2989131212234497
C0122,G-ORS,12,1.221300482749939
C0122,G-ORS,18,1.3440189361572266
C0122,G-ORS,24,1.2807365655899048
C0123,G-ORS,3,1.1512354612350464
C0123,G-ORS,6,0.9989005327224731
C0123,G-ORS,9,1.0780121088027954
C0123,G-ORS,12,1.0620189905166626
C0123,G-ORS,18,1.0127664804458618
C0123,G-ORS,24,0.9733482599258423
C0124,I-ORS,3,1.6552082300186157
C0124,I-ORS,6,1.6256405115127563
C0124,I-ORS,9,1.5281273126602173
C0124,I-ORS,12,1.591599941253662
C0124,I-ORS,18,1.517040729522705
C0124,I-ORS,24,1.4456722736358643
C0125,G-ORS,3,2.089689254760742
C0125,G-ORS,6,2.080751419067383
C0125,G-ORS,9,2.130230665206909
C0125,G-ORS,12,2.125516176223755
C0125,G-ORS,18,1.981552243232727
C0125,G-ORS,24,1.7236487865447998
C0126,S-ORS,3,2.6904826164245605
C0126,S-ORS,6,2.5900614261627197
C0126,S-ORS,9,2.5460240840911865
C0126,S-ORS,12,2.597837448120117
C0126,S-ORS,18,2.189188241958618
C0126,S-ORS,24,2.133331775665283
C0127,I-ORS,3,1.1658215522766113
C0127,I-ORS,6,1.0365467071533203
C0127,I-ORS,9,1.0161807537078857
C0127,I-ORS,12,1.0129798650741577
C0127,I-ORS,18,0.7964522838592529
C0127,I-ORS,24,0.733423113822937
C0128,G-ORS,3,1.3840402364730835
C0128,G-ORS,6,1.3841639757156372
C0128,G-ORS,9,1.4098927974700928
C0128,G-ORS,12,1.4546064138412476
C0128,G-ORS,18,1.5024678707122803
C0128,G-ORS,24,1.5053017139434814
C0129,I-ORS,3,1.5615687370300293
C0129,I-ORS,6,1.6839821338653564
C0129,I-ORS,9,1.777769923210144
C0129,I-ORS,12,1.6001992225646973
C0129,I-ORS,18,1.7280839681625366
C0129,I-ORS,24,1.709940791130066
C0130,S-ORS,3,0.916000247001648
C0130,S-ORS,6,0.9048116207122803
C0130,S-ORS,9,0.9008769392967224
C0130,S-ORS,12,1.0578175783157349
C0130,S-ORS,18,1.128022313117981
C0130,S-ORS,24,1.1435970067977905
C0131,S-ORS,3,0.5470292568206787
C0131,S-ORS,6,0.45268213748931885
C0131,S-ORS,9,0.5450266599655151
C0131,S-ORS,12,0.42491835355758667
C0131,S-ORS,18,0.4597115218639374
C0131,S-ORS,24,0.4466431736946106
C0132,G-ORS,3,1.725509524345398
C0132,G-ORS,6,1.804306983947754
C0132,G-ORS,9,2.0797080993652344
C0132,G-ORS,12,1.9955086708068848
C0132,G-ORS,18,2.0601565837860107
C0132,G-ORS,24,2.0340585708618164
C0133,G-ORS,3,0.8312475681304932
C0133,G-ORS,6,0.766393780708313
C0133,G-ORS,9,0.7764737606048584
C0133,G-ORS,12,0.8867377638816833
C0133,G-ORS,18,0.9029314517974854
C0133,G-ORS,24,0.9800359010696411
C0134,G-ORS,3,1.505775809288025
C0134,G-ORS,6,1.350093126296997
C0134,G-ORS,9,1.3109861612319946
C0134,G-ORS,12,1.4239263534545898
C0134,G-ORS,18,1.4576377868652344
C0134,G-ORS,24,1.4822477102279663
C0135,G-ORS,3,2.026008129119873
C0135,G-ORS,6,1.9554815292358398
C0135,G-ORS,9,2.0912890434265137
C0135,G-ORS,12,2.0867230892181396
C0135,G-ORS,18,1.999308705329895
C0135,G-ORS,24,1.938858985900879
C0136,G-ORS,3,3.1244401931762695
C0136,G-ORS,6,2.9316275119781494
C0136,G-ORS,9,2.9736928939819336
C0136,G-ORS,12,2.8618252277374268
C0136,G-ORS,18,2.534891128540039
C0136,G-ORS,24,2.3027150630950928
C0137,G-ORS,3,2.231955051422119
C0137,G-ORS,6,2.1810302734375
C0137,G-ORS,9,2.246248483657837
C0137,G-ORS,12,2.1103224754333496
C0137,G-ORS,18,1.9056551456451416
C0137,G-ORS,24,1.6885727643966675
C0138,G-ORS,3,1.141059398651123
C0138,G-ORS,6,1.1423827409744263
C0138,G-ORS,9,1.1536489725112915
C0138,G-ORS,12,1.0824518203735352
C0138,G-ORS,18,1.170421838760376
C0138,G-ORS,24,1.2534948587417603
C0139,I-ORS,3,1.631899118423462
C0139,I-ORS,6,1.5889332294464111
C0139,I-ORS,9,1.6137112379074097
C0139,I-ORS,12,1.662322998046875
C0139,I-ORS,18,1.5998928546905518
C0139,I-ORS,24,1.5598859786987305
C0140,I-ORS,3,1.2541942596435547
C0140,I-ORS,6,1.2686569690704346
C0140,I-ORS,9,1.1394394636154175
C0140,I-ORS,12,0.9806997179985046
C0140,I-ORS,18,1.0096765756607056
C0140,I-ORS,24,0.7698956727981567
C0141,G-ORS,3,1.6755801439285278
C0141,G-ORS,6,1.5918858051300049
C0141,G-ORS,9,1.552168369293213
C0141,G-ORS,12,1.4560766220092773
C0141,G-ORS,18,1.3037105798721313
C0141,G-ORS,24,1.1678836345672607
C0142,G-ORS,3,1.4547499418258667
C0142,G-ORS,6,1.2942867279052734
C0142,G-ORS,9,1.3118414878845215
C0142,G-ORS,12,1.3743653297424316
C0142,G-ORS,18,1.231076717376709
C0142,G-ORS,24,1.1805201768875122
C0143,G-ORS,3,1.9637912511825562
C0143,G-ORS,6,1.7438979148864746
C0143,G-ORS,9,1.654122233390808
C0143,G-ORS,12,1.717362880706787
C0143,G-ORS,18,1.645240068435669
C0143,G-ORS,24,1.6075834035873413
C0144,S-ORS,3,1.749381184577942
C0144,S-ORS,6,1.716651439666748
C0144,S-ORS,9,1.5938454866409302
C0144,S-ORS,12,1.6597743034362793
C0144,S-ORS,18,1.486431360244751
C0144,S-ORS,24,1.426143765449524
C0145,S-ORS,3,0.8672075271606445
C0145,S-ORS,6,0.7500249743461609
C0145,S-ORS,9,0.7317866086959839
C0145,S-ORS,12,0.747363269329071
C0145,S-ORS,18,0.5562067627906799
C0145,S-ORS,24,0.5903936624526978
C0146,S-ORS,3,2.344344139099121
C0146,S-ORS,6,2.2975809574127197
C0146,S-ORS,9,2.17283296585083
C0146,S-ORS,12,2.0352370738983154
C0146,S-ORS,18,1.7743420600891113
C0146,S-ORS,24,1.552600383758545
C0147,S-ORS,3,1.4616745710372925
C0147,S-ORS,6,1.5641283988952637
C0147,S-ORS,9,1.4793879985809326
C0147,S-ORS,12,1.398961067199707
C0147,S-ORS,18,1.2734993696212769
C0147,S-ORS,24,1.2245410680770874
C0148,S-ORS,3,1.680655837059021
C0148,S-ORS,6,1.7572076320648193
C0148,S-ORS,9,1.9170295000076294
C0148,S-ORS,12,1.901457667350769
C0148,S-ORS,18,1.887478232383728
C0148,S-ORS,24,1.9339934587478638
C0149,G-ORS,3,0.710281491279602
C0149,G-ORS,6,0.7211576700210571
C0149,G-ORS,9,0.9193015098571777
C0149,G-ORS,12,0.9999274015426636
C0149,G-ORS,18,1.0938315391540527
C0149,G-ORS,24,1.2385519742965698
C0150,I-ORS,3,2.881838321685791
C0150,I-ORS,6,2.725548505783081
C0150,I-ORS,9,2.697178363800049
C0150,I-ORS,12,2.5652501583099365
C0150,I-ORS,18,2.2309517860412598
C0150,I-ORS,24,2.049407482147217
C0151,I-ORS,3,1.6849571466445923
C0151,I-ORS,6,1.5114918947219849
C0151,I-ORS,9,1.6270626783370972
C0151,I-ORS,12,1.627206802368164
C0151,I-ORS,18,1.6233043670654297
C0151,I-ORS,24,1.6098781824111938
C0152,S-ORS,3,1.2769720554351807
C0152,S-ORS,6,1.0421062707901
C0152,S-ORS,9,1.0619052648544312
C0152,S-ORS,12,1.130159854888916
C0152,S-ORS,18,1.0271984338760376
C0152,S-ORS,24,0.9211620688438416
C0153,G-ORS,3,2.0685462951660156
C0153,G-ORS,6,2.02994966506958
C0153,G-ORS,9,2.0822272300720215
C0153,G-ORS,12,1.8403124809265137
C0153,G-ORS,18,1.8186843395233154
C0153,G-ORS,24,1.5887246131896973
C0154,I-ORS,3,1.31061851978302
C0154,I-ORS,6,1.2595940828323364
C0154,I-ORS,9,1.3290188312530518
C0154,I-ORS,12,1.347785234451294
C0154,I-ORS,18,1.4907032251358032
C0154,I-ORS,24,1.5418843030929565
C0155,I-ORS,3,1.643314242362976
C0155,I-ORS,6,1.402954339981079
C0155,I-ORS,9,1.3161801099777222
C0155,I-ORS,12,1.2103224992752075
C0155,I-ORS,18,1.036586880683899
C0155,I-ORS,24,0.9154400825500488
C0156,I-ORS,3,1.519831657409668
C0156,I-ORS,6,1.5493931770324707
C0156,I-ORS,9,1.5457195043563843
C0156,I-ORS,12,1.514909029006958
C0156,I-ORS,18,1.4176573753356934
C0156,I-ORS,24,1.388020396232605
C0157,G-ORS,3,2.898747444152832
C0157,G-ORS,6,2.817420244216919
C0157,G-ORS,9,2.837597370147705
C0157,G-ORS,12,2.82759690284729
C0157,G-ORS,18,2.4798991680145264
C0157,G-ORS,24,2.4699578285217285
C0158,I-ORS,3,2.13853120803833
C0158,I-ORS,6,1.9746789932250977
C0158,I-ORS,9,1.9339646100997925
C0158,I-ORS,12,1.9080147743225098
C0158,I-ORS,18,1.681477427482605
C0158,I-ORS,24,1.4332298040390015
C0159,I-ORS,3,0.9623446464538574
C0159,I-ORS,6,0.9166556596755981
C0159,I-ORS,9,0.9527074098587036
C0159,I-ORS,12,0.9077562689781189
C0159,I-ORS,18,0.9226732850074768
C0159,I-ORS,24,0.9936267137527466
C0160,S-ORS,3,1.1708996295928955
C0160,S-ORS,6,1.2032628059387207
C0160,S-ORS,9,1.2670787572860718
C0160,S-ORS,12,1.1967869997024536
C0160,S-ORS,18,1.3199628591537476
C0160,S-ORS,24,1.3375307321548462
C0161,I-ORS,3,1.2444020509719849
C0161,I-ORS,6,1.2648446559906006
C0161,I-ORS,9,1.2427645921707153
C0161,I-ORS,12,1.1756714582443237
C0161,I-ORS,18,1.050626277923584
C0161,I-ORS,24,1.0570704936981201
C0162,G-ORS,3,1.7731212377548218
C0162,G-ORS,6,1.7906702756881714
C0162,G-ORS,9,1.714849591255188
C0162,G-ORS,12,1.700347661972046
C0162,G-ORS,18,1.5907747745513916
C0162,G-ORS,24,1.6064332723617554
C0163,S-ORS,3,1.9830819368362427
C0163,S-ORS,6,1.9737880229949951
C0163,S-ORS,9,2.0124781131744385
C0163,S-ORS,12,1.9216901063919067
C0163,S-ORS,18,1.7175875902175903
C0163,S-ORS,24,1.4373887777328491
C0164,I-ORS,3,2.4959278106689453
C0164,I-ORS,6,2.363837480545044
C0164,I-ORS,9,2.249983787536621
C0164,I-ORS,12,2.4052982330322266
C0164,I-ORS,18,2.2599997520446777
C0164,I-ORS,24,2.1968536376953125
C0165,G-ORS,3,0.8092154264450073
C0165,G-ORS,6,0.7952643036842346
C0165,G-ORS,9,0.8009616136550903
C0165,G-ORS,12,0.865540087223053
C0165,G-ORS,18,0.8827929496765137
C0165,G-ORS,24,0.9464366436004639
C0166,G-ORS,3,1.0593730211257935
C0166,G-ORS,6,1.0635052919387817
C0166,G-ORS,9,1.1597121953964233
C0166,G-ORS,12,1.1109633445739746
C0166,G-ORS,18,1.2175226211547852
C0166,G-ORS,24,1.2365020513534546
C0167,I-ORS,3,1.6052874326705933
C0167,I-ORS,6,1.648511290550232
C0167,I-ORS,9,1.6999924182891846
C0167,I-ORS,12,1.7519644498825073
C0167,I-ORS,18,1.7675588130950928
C0167,I-ORS,24,1.6690340042114258
C0168,S-ORS,3,1.311740756034851
C0168,S-ORS,6,1.429931402206421
C0168,S-ORS,9,1.5547302961349487
C0168,S-ORS,12,1.5860753059387207
C0168,S-ORS,18,1.5192111730575562
C0168,S-ORS,24,1.5070754289627075
C0169,I-ORS,3,1.732338547706604
C0169,I-ORS,6,1.7593095302581787
C0169,I-ORS,9,1.8509596586227417
C0169,I-ORS,12,1.795403003692627
C0169,I-ORS,18,1.7107069492340088
C0169,I-ORS,24,1.5136570930480957
C0170,G-ORS,3,1.6259211301803589
C0170,G-ORS,6,1.5800178050994873
C0170,G-ORS,9,1.6151012182235718
C0170,G-ORS,12,1.5824750661849976
C0170,G-ORS,18,1.3753551244735718
C0170,G-ORS,24,1.3528099060058594
C0171,S-ORS,3,1.8456147909164429
C0171,S-ORS,6,1.7756932973861694
C0171,S-ORS,9,1.901164174079895
C0171,S-ORS,12,2.0286970138549805
C0171,S-ORS,18,2.0372912883758545
C0171,S-ORS,24,2.021852731704712
C0172,S-ORS,3,2.4015512466430664
C0172,S-ORS,6,2.373469114303589
C0172,S-ORS,9,2.37210750579834
C0172,S-ORS,12,2.2845520973205566
C0172,S-ORS,18,1.9857521057128906
C0172,S-ORS,24,1.7424899339675903
C0173,S-ORS,3,1.6095789670944214
C0173,S-ORS,6,1.597110390663147
C0173,S-ORS,9,1.665681004524231
C0173,S-ORS,12,1.6951591968536377
C0173,S-ORS,18,1.7039148807525635
C0173,S-ORS,24,1.7037540674209595
C0174,S-ORS,3,1.4059865474700928
C0174,S-ORS,6,1.3666694164276123
C0174,S-ORS,9,1.5720854997634888
C0174,S-ORS,12,1.6291916370391846
C0174,S-ORS,18,1.574883222579956
C0174,S-ORS,24,1.6114693880081177
C0175,G-ORS,3,1.6968755722045898
C0175,G-ORS,6,1.6776536703109741
C0175,G-ORS,9,1.731105923652649
C0175,G-ORS,12,1.7372767925262451
C0175,G-ORS,18,1.5153707265853882
C0175,G-ORS,24,1.41940176486969
C0176,G-ORS,3,2.340533494949341
C0176,G-ORS,6,2.3194968700408936
C0176,G-ORS,9,2.338505744934082
C0176,G-ORS,12,2.187713623046875
C0176,G-ORS,18,1.8054430484771729
C0176,G-ORS,24,1.665372610092163
C0177,I-ORS,3,1.733107566833496
C0177,I-ORS,6,1.6584258079528809
C0177,I-ORS,9,1.7200510501861572
C0177,I-ORS,12,1.8160572052001953
C0177,I-ORS,18,1.645115613937378
C0177,I-ORS,24,1.5375959873199463
C0178,S-ORS,3,2.015519380569458
C0178,S-ORS,6,1.8516162633895874
C0178,S-ORS,9,1.7910410165786743
C0178,S-ORS,12,1.801337480545044
C0178,S-ORS,18,1.6621596813201904
C0178,S-ORS,24,1.546820878982544
C0179,S-ORS,3,1.906819462776184
C0179,S-ORS,6,1.9706580638885498
C0179,S-ORS,9,2.019120693206787
C0179,S-ORS,12,1.950842261314392
C0179,S-ORS,18,1.7990280389785767
C0179,S-ORS,24,1.696449875831604
C0180,G-ORS,3,2.3301568031311035
C0180,G-ORS,6,1.9840977191925049
C0180,G-ORS,9,1.8811944723129272
C0180,G-ORS,12,1.8551158905029297
C0180,G-ORS,18,1.6132714748382568
C0180,G-ORS,24,1.3572680950164795
C0181,S-ORS,3,2.629208564758301
C0181,S-ORS,6,2.495156764984131
C0181,S-ORS,9,2.383392333984375
C0181,S-ORS,12,2.3448517322540283
C0181,S-ORS,18,2.025806188583374
C0181,S-ORS,24,1.7095614671707153
C0182,I-ORS,3,1.2897394895553589
C0182,I-ORS,6,1.1412087678909302
C0182,I-ORS,9,1.0925861597061157
C0182,I-ORS,12,1.1354827880859375
C0182,I-ORS,18,0.9821842312812805
C0182,I-ORS,24,0.9835611581802368
C0183,I-ORS,3,1.5414987802505493
C0183,I-ORS,6,1.4055477380752563
C0183,I-ORS,9,1.4473570585250854
C0183,I-ORS,12,1.4943583011627197
C0183,I-ORS,18,1.2474958896636963
C0183,I-ORS,24,1.2018166780471802
C0184,S-ORS,3,0.5151745080947876
C0184,S-ORS,6,0.6087052822113037
C0184,S-ORS,9,0.6212429404258728
C0184,S-ORS,12,0.7674469947814941
C0184,S-ORS,18,0.7925241589546204
C0184,S-ORS,24,0.9903733730316162
C0185,S-ORS,3,2.2358736991882324
C0185,S-ORS,6,2.2007930278778076
C0185,S-ORS,9,2.1496574878692627
C0185,S-ORS,12,2.071294069290161
C0185,S-ORS,18,2.005370616912842
C0185,S-ORS,24,1.7497516870498657
C0186,I-ORS,3,1.593634843826294
C0186,I-ORS,6,1.5411572456359863
C0186,I-ORS,9,1.579980492591858
C0186,I-ORS,12,1.7238126993179321
C0186,I-ORS,18,1.6830753087997437
C0186,I-ORS,24,1.6334346532821655
C0187,S-ORS,3,0.6865333318710327
C0187,S-ORS,6,0.6796784400939941
C0187,S-ORS,9,0.605345606803894
C0187,S-ORS,12,0.6376515030860901
C0187,S-ORS,18,0.6416622400283813
C0187,S-ORS,24,0.6855278611183167
C0188,S-ORS,3,1.7555416822433472
C0188,S-ORS,6,1.8582730293273926
C0188,S-ORS,9,1.8975101709365845
C0188,S-ORS,12,2.0400595664978027
C0188,S-ORS,18,2.0890586376190186
C0188,S-ORS,24,2.090834617614746
C0189,G-ORS,3,2.2583603858947754
C0189,G-ORS,6,2.3199381828308105
C0189,G-ORS,9,2.2511019706726074
C0189,G-ORS,12,2.2484962940216064
C0189,G-ORS,18,2.045048475265503
C0189,G-ORS,24,2.066356658935547
C0190,G-ORS,3,1.621035099029541
C0190,G-ORS,6,1.5707554817199707
C0190,G-ORS,9,1.6296451091766357
C0190,G-ORS,12,1.7158517837524414
C0190,G-ORS,18,1.6335172653198242
C0190,G-ORS,24,1.6918721199035645
C0191,S-ORS,3,1.5377346277236938
C0191,S-ORS,6,1.583961844444275
C0191,S-ORS,9,1.4910482168197632
C0191,S-ORS,12,1.4369721412658691
C0191,S-ORS,18,1.234063744544983
C0191,S-ORS,24,1.1167478561401367
C0192,S-ORS,3,1.4893730878829956
C0192,S-ORS,6,1.3663842678070068
C0192,S-ORS,9,1.5377930402755737
C0192,S-ORS,12,1.557659387588501
C0192,S-ORS,18,1.3175790309906006
C0192,S-ORS,24,1.3574090003967285
C0193,S-ORS,3,1.4574189186096191
C0193,S-ORS,6,1.2913841009140015
C0193,S-ORS,9,1.267887830734253
C0193,S-ORS,12,1.1801854372024536
C0193,S-ORS,18,1.1420586109161377
C0193,S-ORS,24,1.008800745010376
C0194,G-ORS,3,1.6026579141616821
C0194,G-ORS,6,1.5717394351959229
C0194,G-ORS,9,1.4552345275878906
C0194,G-ORS,12,1.3730560541152954
C0194,G-ORS,18,1.2815616130828857
C0194,G-ORS,24,1.2298332452774048
C0195,S-ORS,3,0.4770996868610382
C0195,S-ORS,6,0.37805071473121643
C0195,S-ORS,9,0.437618225812912
C0195,S-ORS,12,0.4078595042228699
C0195,S-ORS,18,0.3162367641925812
C0195,S-ORS,24,0.3724866807460785
C0196,G-ORS,3,2.354214906692505
C0196,G-ORS,6,2.3878591060638428
C0196,G-ORS,9,2.4146876335144043
C0196,G-ORS,12,2.4644224643707275
C0196,G-ORS,18,2.2268755435943604
C0196,G-ORS,24,2.041494131088257
C0197,I-ORS,3,1.5619570016860962
C0197,I-ORS,6,1.5286304950714111
C0197,I-ORS,9,1.489902138710022
C0197,I-ORS,12,1.511210560798645
C0197,I-ORS,18,1.430790662765503
C0197,I-ORS,24,1.2801927328109741
C0198,I-ORS,3,2.347773551940918
C0198,I-ORS,6,2.3046348094940186
C0198,I-ORS,9,2.3294665813446045
C0198,I-ORS,12,2.2341244220733643
C0198,I-ORS,18,1.9167732000350952
C0198,I-ORS,24,1.5909093618392944
C0199,G-ORS,3,0.7623170614242554
C0199,G-ORS,6,0.6832753419876099
C0199,G-ORS,9,0.7813237905502319
C0199,G-ORS,12,0.8924624919891357
C0199,G-ORS,18,0.8535648584365845
C0199,G-ORS,24,0.9678739905357361
C0200,S-ORS,3,2.0619921684265137
C0200,S-ORS,6,2.022023916244507
C0200,S-ORS,9,2.181572437286377
C0200,S-ORS,12,2.1955082416534424
C0200,S-ORS,18,2.123993158340454
C0200,S-ORS,24,2.0213592052459717
